"","B.cells.naive","B.cells.memory","Plasma.cells","T.cells.CD8","T.cells.CD4.naive","T.cells.CD4.memory.resting","T.cells.CD4.memory.activated","T.cells.follicular.helper","T.cells.regulatory..Tregs.","T.cells.gamma.delta","NK.cells.resting","NK.cells.activated","Monocytes","Macrophages.M0","Macrophages.M1","Macrophages.M2","Dendritic.cells.resting","Dendritic.cells.activated","Mast.cells.resting","Mast.cells.activated","Eosinophils","Neutrophils","Fibroblasts","Endothelial.cells","Epithelial.cells"
"SU2CLC.CLE.NIVO10",0.0236591117368797,0,0.0178321891314382,0.0137246207851733,0.00035167311360591,0.00813290467529463,0.00101774010129504,0.0217637006139484,0.00269753035472588,0.00251184108352302,0,0.00739410401259382,0.0102848356135906,0.118409319356217,0.0149888934239905,0.112702528315953,0.00309715251593548,0,0,0.0491109854692677,0.00377311262623941,0.0120553957569926,0.538115465381735,0.00110037420542742,0.0372765217261735
"SU2CLC.CLE.NIVO18",0.00211943450079914,0.0228894420930945,0.0441196632386183,0.0399599355067197,0,0.0589367592240223,0.0129517715742189,0.0297413260042429,0,0,0,0.0251708130756373,0.00622556441134866,0.0609338255659341,0.00860558531743839,0.0809811486832781,0.00592814319474322,0.00495912267327987,0,0.0408866001294508,0,6.07912286611e-05,0.221230905246365,0.00246370518776262,0.331835463144386
"SU2CLC.CLE.NIVO19",0.0236200933628453,0.0171804844246198,0.0433147712364338,0.0227471325991558,0,0.0173764856615275,0.0142133769937085,0.030686772762006,0,0.00826782789808639,0,0.00985491515565521,0.00062738430290028,0.0439166076059324,0.0215846104082655,0.074175801309158,0.0142519168047255,0.0244821184859293,0,0.0299581637840272,0,0.00083150002358671,0.289573580198039,0.0151961146414067,0.298140342341991
"SU2CLC.CLE.NIVO2",0.00701806365997102,0.0419873530080268,0.113246883432107,0.10683848245141,0,0.108753241486845,0.0166026144125286,0.0443112597589971,0,0,0,0.0276802805360462,0.0201700897660793,0.0666505808851794,0.0566493968411303,0.110431263491272,0,0,0,0.0262603959306101,0,0.0082334877981456,0.116498596494738,0.0815072935565019,0.0471607164904112
"SU2CLC.CLE.NIVO20",0.00910085811008036,0.0407752878689929,0.0310729113781885,0.146939429932901,0,0,0.0543725717163625,0.0606048398397981,0.0151418105593602,0.0426596680777518,0,0.0490503143634415,0,0.0187334172616339,0.0217185918465216,0.0895198114575475,0.00404766279440673,0.00287646711060185,0,0.0446611427044642,0.00305584099197523,0.0045920089918725,0.0315054684492925,0.00126274907471053,0.328309147470097
"SU2CLC.CLE.NIVO24",0.0739883155791273,0.0846910580698271,0.0363113930751681,0.0531122353590141,0.0600525405346913,0.04480147015422,0.0238153663767286,0.00415741453594777,0,0,0.0305374063536914,0.012778075723622,0.0203472172847896,0.0207123427993823,0.0007292273618858,0.0943312997372631,0.00189771434134851,0,0.0038314947955167,0.0004747343239999,0,0.088808770043144,0.0660988303057059,0.00209379450747875,0.276429298737448
"SU2CLC.CLE.NIVO3",0.0106349342893324,0.0106116861308608,0.00903137558789672,0.0072013251138021,0.00179044415193495,0.0133016535923636,0.00442623143459726,0.0178486253032648,0.00083906680306566,0.00634338844122266,0.00933059360650915,0.0128926489565653,0.00442163255691539,0.0283051550855826,0.00662411965425766,0.0401782803927708,0.00554734610721553,0.00068192426299595,0,0.00819772311014668,0.00253256039972964,0.00087579046334743,0.250905539091441,0.00292903388135348,0.544548921582828
"SU2CLC.CLE.NIVO31",0.0212759663613151,0.0111374348035776,0.0161930146122565,0.249801211717866,0,0.0110571528144647,0,0.00285802861945277,0,0,0.124123882381751,0,0.0817812111852304,0.107330608805987,0.00785266203576765,0.0285888313399688,0.00918973991715859,0.00680446339775548,0.0194575974863911,0.00123896256748461,0.00703227337577045,0,0.212642307380304,0.00054891389878492,0.0810857372987127
"SU2CLC.CLE.NIVO5",0.0532491106351685,0.0206072339426357,0.0282762641182734,0.0514990480271847,0.0117744640362603,0.0331795263421938,0.00072291253396832,0.0442950256357353,0,0.011513778041377,0,0.0197939090819307,0.00980780190099453,0.0224708623499783,0.0440864715155483,0.0769199102769866,0.00241206044224955,0,0,0.0107209670575085,0.00380594863380649,0.00054249509324818,0.225034129638332,0.0117582877005199,0.3175297929961
"SU2CLC.CLE.NIVO52",0.038058769241158,0,0.0338114339520638,0.00801069522564235,0.0437032111643506,0.0307153524477464,0,0.0184256819254743,0,0,0.0276346123994633,0.00189166723161801,0.0639202596840484,0.0135524753118585,0.0030950742549619,0.0288619785387528,0.0120938076999985,0.00473516480243648,0.0485697048850907,0,0.00315070860096738,0,0.267447968235539,0.145653199917559,0.206668234481271
"SU2CLC.CLE.NIVO9",0.00416694207327997,0.00704407732562863,0.00112377033323049,0.0101698007580967,0.00278895105739772,0.0140029787813353,0.00160138962111356,0.00901105124971618,0.00228709972018905,0.00010933772866062,0,5.60901335313e-05,0.00475906356697441,0.0373315832406044,0.00482586711966141,0.054946719736235,0.00178529986086127,0,0.0183432028831505,0.0137477040611448,0.00029587104601566,0.00569314914722554,0.756838670331793,0,0.0490713802241544
"SU2CLC.COL.1001",0.00591892339535088,0.034801113162413,0.027907717402495,0.0238392245162775,0,0.0562161991941294,0,0.0172320207221567,0,0,0,0.0128403471278229,0.00926964345821295,0.0560648496825421,0.00772272769456438,0.0801107278586896,0.00933893443826821,0.00804248983502721,0,0.0316331196999231,0.00858744717766333,0.0138982021767718,0.210282161428881,0.0341908726041999,0.352103278424611
"SU2CLC.COL.1005",0,0.0056946954773175,0.0719669774363137,0.214908327207454,0,0,0.116247149463822,0.0352894219618165,0.00093169159757207,0.0557208804749068,0,0.0307552749634597,0.0180897185312229,0.0493264724465947,0.0674271132017623,0.146239695650727,0.00274905019356591,0,1.82947447374e-05,0,0,0.0021569332778483,0.149047923438615,0.0202576095742165,0.0131727703580473
"SU2CLC.COL.1007",0.0287563088839667,0,0.0418167120552537,0.0406665285927521,0,0.0703725114200493,0.00795392278260073,0.0179655714050472,0,0.00278542480832931,0,0.00705405777542126,0.00831589169393659,0.0225328920792164,0.0120482045478709,0.0605279102295828,0.0147702951124756,0.00759443653687192,0,0.022932543648633,0.00128372702623966,0.0114474466485283,0.211178904650881,0.0276959251539874,0.382300784948356
"SU2CLC.COL.1008",0.101360447265415,0.100754609828189,0.0182887853700568,0.0503152075566902,0.0625579991110898,0.055261417397977,0.0119090009224053,0.0265040641409822,0.00601916120281762,0,0,0.00914353715270847,0.0113095521153507,0.0138808054504203,0,0.017304319778172,0.0043444983462693,0.012394818655774,0,0.00390049438188082,0,0.0365362758849071,0.0311226317547299,0,0.427092373684164
"SU2CLC.COL.1010",0.00167388448679773,0.0138368792544573,0.0620033849196653,0.023998325465503,0,0.0250866459675305,0.00253373919747981,0.0158802302880928,0.00307401327815554,0.00287045173487007,0,0.00103952172635254,0.00254149359179117,0.0361609034923683,0.0164906006939532,0.0432082092759114,0,1.281423368273e-05,0,0.0257579930969815,0,0.00456210185312979,0.36832155492842,0.0168020873524746,0.334145165162383
"SU2CLC.COL.1016",0,0.00359265716888862,0.023743196414434,0.0117996295608765,0.00141236600266877,0.0077770715349028,0.014866510320683,0.00613779724230197,0,0,0,0.00849593925762269,0.00129240197509277,0.0289311818768378,0.0151651162982629,0.0292721247962627,0.00573411140878278,0.00020269236592389,0,0.0279733685582754,0.00035645525977243,0.00244352992407342,0.279757057174256,0.00299581630029173,0.52805097655979
"SU2CLC.COL.1017",0.0360168199452521,0.0437928949888977,0.0227448312178304,0.0293031464599793,0.0176103447578719,0.0466858739182806,0.00510860073778569,0.0161259297787539,0.00472085915325137,0.00873089987564083,0,0.0107265953401626,0.0237653813190093,0.0186969090339757,0.00371821086669669,0.0480380732544106,0.0241452046395531,0.00499188416548927,0,0.012692515399592,0.00036957870250384,0.00403343317116857,0.00683546546032234,0,0.611146547813572
"SU2CLC.COL.1018",0.0269280128568635,0,0.0140758204809722,0.0629617429050278,0.0122655384424705,0.076959163253715,0.0449320371494333,0.0194429633976015,0,0,0.00784747993114782,0.0083737649627782,0.0160168979287737,0.0292363574822032,0.0204400597660869,0.244051797522175,0,0.0303454524968838,0.0489719845617911,0.00178274148915049,0,0.0218419638318363,0.157611172955686,0.0704106320942712,0.0855044164911331
"SU2CLC.COL.1020",0.0179631001254739,0.00231091859076819,0.0233141743195215,0.0430236551912665,0,0.0604539687485983,0.00753133624572863,0.0135502348179328,0,0,0.0190793267596226,0,0.00191463910138084,0.0760868907244523,0.0675721859922396,0.126916250592473,0,0,0.00524459095410314,0,0.00107925475701503,0.00206010822460057,0.329187494455619,0.0205514206367408,0.182160449762463
"SU2CLC.COL.1021",0.00062087732643702,0.00628588488690039,0.00700851853551251,0.0214921558637912,0,0.0233518566916011,0.00581697637345438,0.0222478889620688,0.00983050189807509,0,0,0.0212738437356476,0.016387053894904,0.068603474079774,0.0434712083908819,0.0863963389829475,0.0125273429511656,0.00356899666473467,0,0.0273469746686312,0.00482184451042566,0.0165169346593998,0.591121559310693,0.00373506678737974,0.00757470082557494
"SU2CLC.COL.1022",0.004160620422259,0.00538066480206901,0.00436302338848422,0.00943660340403525,0,0.0277667963506887,0,0.00613881135572033,0,0,0,0.00933610527813984,0.0185842030611142,0.0167897449493537,0.00028319456962747,0.0593349085611988,0.0105895734994633,0,0.0230460830115548,0,0.00167964093858628,0,0.700925491865685,0.0210478525840619,0.0811366819579579
"SU2CLC.COL.1023",0.0402655328885519,0.0441994211463961,0.0767580084007663,0.0799550037389084,0,0.0166795878900145,0.00746439069053336,0.0324702428144967,0.00390966112271895,0.0125475272222858,0,0.00952289209950279,0.00293452027137644,0.0560825779268302,0.0197149663457234,0.0871869847653114,0,0,0,0.0164685595054544,0,0.00324425991536949,0.433222327755734,0.024076546648077,0.0332969888519486
"SU2CLC.COL.1025",0.00655460137524388,0,0.00968835509819915,0.00554822593778761,0,0.00960949229727909,0.0060368108021429,0.0053927902584968,0.00085373432273262,0,0.00228946570435988,0,0.00446473843440156,0.0155754526959377,0.00092496425578886,0.02730535952453,0.00560240847510447,0.00868948122491114,0,0.0123362932848713,0.00367138758623269,0.0100475388025764,0.218038699953139,0.0162610867416947,0.63110911322457
"SU2CLC.COL.1026",0.0115500076256392,0,0.0354412885674889,0.0268861519208694,0,0.0271499738423644,0.00562412042215155,0.0222941721006388,0.00249402280138058,0,0.00521222060795993,0.00390912131912302,0.0315187498626611,0.090039171094351,0,0.119028301283602,0.00713456951495742,0.0197228672938921,0.039430959928422,0,0.00962444818453562,0.010221372933347,0.151921621359212,0.0109481730926124,0.369848686244792
"SU2CLC.COL.1027",0.0367161605275665,0.0614239642578791,0.0577357311841358,0.086932266468478,0.00872880088078364,0.030878319457779,0.0244148000966198,0.0421260563765184,0,0.051151588857853,0,0.0227084384561566,0,0.196124708893214,0.0174613884267844,0.195008891718476,0.0258244144701913,0.00461611833601474,0.0193121079327808,0.00774414565048802,0.00067750994819171,0,0.0818259448443174,0.0285886432157718,0
"SU2CLC.COL.1029",0.0122959167310093,0.00549641380362962,0.0462639395669137,0.0458930540796736,0,0.0420736022235657,0.0179427883558413,0.0334422313348644,0,0.0341682359204868,0,0.0368953047431608,0.00713313971202411,0.0457478779884512,0.029723541806509,0.142691963835269,0.0016543388558182,0.0235607514287771,0,0.0244979618527522,0.00109332135028856,0.00088353884255578,0.151929654978906,0.0198196453571369,0.276792777232367
"SU2CLC.COL.1031",0.0324225125649936,0.143230740823662,0.0390646257641239,0.0415613624477062,0,0.0884773323289581,0.0259595653652582,0.0299254325123278,0,0.0143463656036945,0,0,0.0410006587173144,0.021691373321139,0.024545950617793,0.122140690647468,0.0170502407359891,0.0430924369546134,0,0.0282221522861933,0.0111539538158701,0,0.160155425060275,0.0151511877147298,0.10080799271789
"SU2CLC.COL.1032",0.00956766190485545,0.00723294772889549,0.0259300426084594,0.00838616986165098,0,0.0235918909410303,0.00225105502375339,0.0101820078003397,0.0079358132228425,0.00256077825197538,0,0.00771507189596105,0.0103313205493854,0.0363265055547634,0.00076531558942413,0.0639416081073302,0.00366681434786077,0.00503526557163058,0.0066819480776537,0.00334729153220718,0,0.00207802955054949,0.382476446652911,0,0.379996015226521
"SU2CLC.COL.1033",0.00069579137980558,0.0233389202012185,0.0252716612327008,0.0320968229936427,0,0.0418755362318743,0.0141988620341076,0.0175247977816453,0,0.0151687769088726,0,0.00654989822470331,0.0149005585061473,0.0315000386426319,0,0.0832756873522706,0.0243337907974472,0.0207734138452141,0.0350976559723749,0.00200918551354282,0,0,0.280036496309596,0.0334654355442987,0.297886670527906
"SU2CLC.COL.1034",0.00612815525133316,0.00430066578381745,0.00640589123494993,0.0114820899345578,0,0.0250896877836676,0.00757870145321637,0.0172876798309022,0.00361838907825567,0.00284778573392007,0.00270891858060344,0.0060983798951188,0.0084131622409708,0.0625052607798396,0.00143663730619435,0.0732964768137045,0.0179247073713654,0.00528525618221712,0,0.0262534467089176,0.00787739343749833,0.0120896393717058,0.155833480811855,0.0120705174879101,0.523467676927479
"SU2CLC.COL.1035",0.0351746587500097,0.0640638854943231,0.0206308418979615,0.0404388407850623,0.0385187819574277,0.0935854547134102,0.00997365626380381,0.0257572609001474,0,0.0059790042503245,0,0.0007864712019169,0.0222398319957636,0.0133509647324621,0.00184578296788322,0.0392264618776354,0,0,0,0.00378475380057547,0,0,0.477230083758495,0.102495945388729,0.00491731926406911
"SU2CLC.COL.1036",0.0266891180566428,0,0.072601734837847,0.047767273873799,0,0.0113423206458887,0,0.0273937293522365,0.00668330614895228,0.00839118515712653,0,0.0219812895189476,0.00283818117380728,0.0531784532750846,0.0279070251373093,0.0704457707446256,0.010994718622357,0,0.00894159094428476,0.0151310411094257,0,0.00332216473646385,0.227957395211429,0.0394881973489593,0.316945504104813
"SU2CLC.COL.1037",0.0582548372584918,0.0462905381912427,0.0500831669652833,0.0746204908446303,0.00672230324694634,0.0517161442665952,0.0395408391024729,0.0410053238869531,0,0.0280842019326858,0,0.0218346156387201,0,0.0997017182524366,0.0471772075511401,0.0969200231464158,0,0,0,0.0267978182309891,0,0,0.133679203850963,0.0357541099255831,0.141817457708451
"SU2CLC.COL.1038",0.0165859782577405,0.0201936109246457,0.0337077371558144,0.0380422009910236,0.0323037624326463,0.063517904925403,0,0.0119001241998499,0,0,0.0147590977605846,0.0225136358032709,0.0339148665124064,0.028459947090247,0.0112653489130365,0.0728588699923964,0.0465037871509806,0.0036514645558777,0.038358291688519,0,0.0383098246780124,0.00895056304132812,0.0976103368492085,0.103885241438571,0.262707405638438
"SU2CLC.COL.1039",0,0.00413993661851676,0.00438723310773105,0.0579246958477341,0,0.0102638896320836,0.040818855405406,0.051661022948806,0,0.0297628864936718,0.0104823335348835,0.0414025634889806,0.0288950860041686,0.0733837129562325,0.0528777847062215,0.080454586355072,0.0267067482685279,0,0,0.023909514375563,0.012523822740054,0.0328927221224986,0.0178040107212573,0.00628963031829339,0.393418964354298
"SU2CLC.COL.1041",0.00826926967733255,0,0.0173951381887174,0.0210545918242976,0,0.0410082624714597,0.00549787550170241,0.0145981655330093,0,0.0174813877876049,0,0,0.00165138911077365,0.00776313714173312,0.00660830623650636,0.046813367176163,0.0116948281523127,0.00473035584426452,0.0154537149609292,0.00145116309629182,0,0,0.16152769442249,0.0395899754516191,0.577411377422793
"SU2CLC.COL.1043",0.030054557335174,0.0210302222307246,0.0237468637140169,0.0697618018928524,0.0146408501845506,0.0761539980499534,0.0485771671905771,0.0278591304029345,0,0.0530247724906548,0,0.00887173129049532,0.0110539375196563,0.0355843746674911,0.0141806608125407,0.117012485839644,0.022941413398466,0.00749371828468095,0.0124427125922969,0.0063346133562609,0,0,0.283896018582255,0.0191379812479725,0.0962009889168013
"SU2CLC.COL.1044",0.0160912448090236,0.00412671453350943,0.0503209762096551,0.143334310901754,0,0,0.0756990645199406,0.0468367078175861,0,0.00900131508366634,0,0.037310998800688,0.00045166732795561,0.0842482976119804,0.0603532930742619,0.132105209652877,9.94226037271e-06,0,0,0.0348316825015197,0,0.00670075204999755,0.149917208061572,0.0131868800076339,0.135473734776006
"SU2CLC.DFC.1001",0.03192220012819,0.0166656258671881,0.0269493681172383,0.0217658334764747,0,0.0853660314477469,0.00646749415734877,0.0258710973869758,0,0.00536670072896898,0,0.0157500237225877,0.0120325321800826,0.0266506284893935,0.00984401846300784,0.0948359735744517,0.00465611922160096,0.00760564042214103,0,0.0241653024896491,0,0.0272228245937438,0.328633641645802,0.0535732137713034,0.174655730116105
"SU2CLC.DFC.1002",0.00447598860553631,0.00890515960797301,0.021326069323826,0.0201568591929604,0.0112758136679398,0.0403604952123468,0,0.0157067055889005,0,0,0,0.0141704583451602,0.010142405002283,0.0262065815996273,0.00344819044579038,0.044683289548539,0.00507522627721032,0.0156987585893074,0,0.00991406097476585,0.00217482970263048,0.00042049002089432,0.142702676318642,0.0770730988737164,0.52608284310195
"SU2CLC.DFC.1003",0.0168868551869606,0.0114253927573203,0.0481962538350474,0.0184568568552668,0.00766193656550323,0.0259902391149569,0,0.0251746110438197,0,0,0.00054966581052357,0.00396284564603988,0.00844626509975165,0.0461463828870149,0.00697526143312726,0.0322404773645372,0,0.00183166324424017,0.00483566967892449,0.00081289762336363,0,0,0.351022307279173,0.0274520971870605,0.361932321387369
"SU2CLC.DFC.1004",0.0110996633417842,0.0062620994381347,0.0134366301432619,0.0194929625239117,0.00333137301599756,0.0422038161383531,0.00386145703054472,0.0136172677295451,0,0.00407385989640904,0,0.0158876462455424,0.021325392806195,0.0431541667255552,0.0153078028662185,0.0805035736722821,0.019215478596932,0.00226244383764355,0.0139421824754609,0.0144997850903395,0,0.00765637627293627,0.178241259395952,0.0483247108514787,0.422300051905521
"SU2CLC.DFC.1007",0.00502003549307079,0.00201381118779065,0.0215323932861065,0.0143089006010053,0,0.0293757952262347,0,0.0101122896948415,0.00805642149040775,0,2.863048700955e-05,0.00333877348878624,0.0112683683320463,0.0506187670773655,0.0324700950218531,0.0817429328583989,0.00291396099683709,0,0,0.01894015715977,0,0.00713302899170278,0.472213985486291,0.0458609813958535,0.183050671724628
"SU2CLC.DFC.1012",0.00834842473429584,0,0.0220357164916381,0.0249178070935735,0,0.0371430621633978,0.00451936764697515,0.0135250597653937,0,0.0109991872159648,0,0.0142397980963576,0.0240491634181961,0.0342631167871929,0.00589575026370482,0.0760434710127728,0.0174367807208897,0.0140883083375968,0.00183161790240083,0.0209474929818668,0.0139778756794054,0.00750754581158241,0.203601761197735,0.0977179658263466,0.346910726852713
"SU2CLC.DFC.1013",0.00600459356131449,0.00289585211050235,0.0114891399691238,0.0124163220120443,0,0.0240739496234757,0.00931628470904586,0.030117524281367,0,0.00108882973235082,0,0.0301070698040048,0.0145381719278729,0.0598562880444556,0.00978643844574908,0.0386376896152656,0.00838878113022684,0.0150756554324435,0,0.0480145407888507,0.0115219729269084,0.0190510355757692,0.109400999076583,0.00664835051210846,0.531570510720537
"SU2CLC.DFC.1015",0.0189688491213257,0.0162566215291557,0.0451338486003788,0.0603913296227543,0,0.0524979775042867,0,0.0218458786770522,0,0,0,0.016958746341575,0.0169194114148404,0.0501849293846946,0.00351300989076268,0.101715779170664,0.0164560124199363,0.00760078267864758,0.0399429091164789,0.0152461727082043,0.00414567108637358,0.00523462148456008,0.186718923170754,0.0606986924737049,0.25956983360385
"SU2CLC.DFC.1016",0.0103943749821397,0.0119656486966419,0.0394595402981839,0.0321927464883255,0,0.0241058777781668,0.0267086402878921,0.0397078036378955,0.0103381814209215,0.0110010606249586,0,0.0336901998029911,0,0.0372281256881648,0.0586615571551838,0.108871171056668,0.0224863450552495,0,0,0.024111986696364,0,0.00094517392474047,0.375408986678526,0.0159564392662346,0.116766140460753
"SU2CLC.DFC.1017",0.0317583872261872,0,0.0640406612455022,0.00840307721919194,0,0.0414590553576565,0.00676178275791697,0.0229844289592927,0.00879278179082711,0.0121174870817448,0,0.0084478373162195,0.00951290823063638,0.126312101344395,0.0221204073317826,0.132594476412278,0.00210916396808087,0,0,0.0645795891750963,0.00885721101424567,0.00397638437529426,0.0487706764446022,0.00708574205986741,0.369315840689182
"SU2CLC.DFC.1018",0.00582301166891409,0.00793962813560833,0.00214048583239962,0.00792125890030415,0,0.00699553954143852,0.00211872868723369,0.0114280985064601,0.0013324566999896,0,0.00727728843727652,0.0010883730877838,0.00018482336158771,0.0718679094056009,0.004644454161512,0.0680716799870812,0.00355270865364382,0,0,0.0105873297485096,0.00189134046596512,0.00043754436348725,0.477933429247249,0,0.306763911107955
"SU2CLC.DFC.1019",0.0150250314860476,0.00852636652477497,0.0376201132242788,0.0521766548689913,0.00971317093282649,0.0569889666565828,0.0143472248717034,0.0224606144051211,0,0,0,0.0222717450816263,0.028551708399319,0.0327332020292256,0.00393804256553054,0.0549836293912223,0.0328446734884155,0.0224691837846851,0.026335949512878,0.00826287437534088,0.0111784785068874,0.0113757564610252,0.125242093684628,0.0866540065103361,0.316300513238554
"SU2CLC.DFC.1020",0.012099004049784,0.00321902500733332,0.0678995454404778,0.0380742556762575,0,0.0570703396913635,0,0.0299211660406729,0.00271562345056777,0,0.00516056964883068,0.0137996776872019,0.00812565137468181,0.0602598261283461,0.0197545819844529,0.0644052130531671,0.00984860987809011,0,0.0139072106919636,0.00517442482237915,0,0,0.287849930212845,0.0179491404440775,0.282766204717508
"SU2CLC.DFC.1534",0.00127097206880092,0.00347787113758141,0.0012777724817236,0.00870470061505276,0,0.0170192714049213,0.00324336508320731,0.0102456890568689,0.00600450541945038,0.00232534400087016,0,0.0104309535125808,0.0299679954718008,0.0382251731646425,0.00613595717562028,0.0997904778710745,0.00083557040846266,0,0,0.0115652479435952,0.00062388254634969,0.00597187962884552,0.726770352022993,0.0161130189855583,0
"SU2CLC.DFC.1535",0.00219567177519158,0.00129109530642032,0.00299801094769638,0.00748380253684695,0.00171962596018486,0.0161595460610554,0.00179363225728802,0.0143836213949056,0,0,0.0129222299105961,0.00591745488620949,0.00045315804116795,0.0482226852304749,0.00542307478471456,0.0418864822847921,0,0,0,0.0153220074410297,0.00038669483911264,0.0159602968177963,0.439790201598773,0.016056814176455,0.349633893749289
"SU2CLC.DFC.1536",0.0129113907178385,0.00433479996702433,0.070051074364091,0.0156397364811337,0,0.0446757258465273,0,0.0291881698472699,0.00831276386525032,0.00064366963488396,0.00118216096572191,0.00649919155025851,0,0.0610760771392444,0.0173847847080495,0.0689269327125078,0,0.00184545450651609,0,0.0283240737264051,0,0.0217154422916987,0.388137406001082,0,0.219151145674497
"SU2CLC.DFC.1537",0.00604470003809433,0.00711727443892694,0.0207265350930712,0.0280127291530592,0.0128393181737506,0.0625133877051213,0.00409415892117674,0.0159347546840514,0,0,0.00738115914036968,0.0218818788653846,0.0289010310803664,0.0290817971777913,0.00737344260917916,0.0884730109332037,0.0154761514919406,0.0136194768177662,0.0316302026929744,0.00605713583586781,0.019268908156013,0.017726272681423,0.188956636937164,0.145058380916439,0.221831656456865
"SU2CLC.DFC.1538",0.028274002809765,0,0.0424485954446174,0.031531703959643,0,0.0339360699630726,0.0057798621475203,0.0152617793094451,0,0,0.00122860514824466,0.0155040618528406,0.015756195567924,0.0571272185840895,0.00411977349206185,0.0989364589862779,0.00667068817224769,0.0114067888810183,0.0172144385095525,0.00418442587171384,0.00440889941079,0.0112166573804207,0.445447376172969,0.0401408953565617,0.109405502979224
"SU2CLC.DFC.1539",0.0109305007287444,0.00693618671826603,0.0205510685981039,0.0164592742796849,0,0.0141796656739417,0,0.0212677657437347,0.00464024605961669,0.00271568717348583,0,0.00540893594344282,0.0171321321178649,0.0766494808247446,0.0140298638508895,0.0787041493273771,0.00138842850047309,0.00924874061327403,0,0.0229026476902643,0.00070639327721893,0.00538513684569534,0.269923526171074,0.00807929149830704,0.392760878363797
"SU2CLC.DFC.DF0032",0.0302566753359769,0,0.0293651267570357,0.038701694132733,0.00419223486729935,0.0592957600338354,0,0.0356983507733989,0,0,0.00874275442797489,0.0126153442718541,0.0259479091225481,0.0257979962807388,0.0484657637283078,0.0819618087165433,0.00702136429697852,0.0098293241022727,0.0201129770807755,0.0307720807592443,0.00025518063626716,0.0331641798815882,0.242595857511228,0.0773289912261824,0.177878626057217
"SU2CLC.DFC.DF0033",0.0047710334580673,0.0240923119202413,0.0816461237651104,0.0354837411464469,0,0.0847522572133595,0,0.0333197985851505,0,0.00779977694012646,0,0.0173544217865301,0.00561418154326935,0.053294745589381,0.0207788499368267,0.105329224225228,0.0127214995919143,0,0.00781059403895613,0.00455210555301581,0,0.00358408830235722,0.101477944323488,0.0271438725539865,0.368473429526545
"SU2CLC.DFC.DF0047",0.109194968803402,0.140794203928971,0.0383288266848081,0.0656428969229749,0.144913669776458,0.0980629969297578,0.0221145058184982,0.0494099156598457,0.0223213278430028,0,0,0.0174294591403368,0.00491533701001984,0.0807184672643446,0.00676891609718357,0.0580888153208716,0,0.0168796161560676,0,0.00317636626238916,0,0,0.0551462011236858,0.0389711028357971,0.0271224064215858
"SU2CLC.DFC.DF0107",0.00384320845099429,0.0131338969355442,0.00982966730018629,0.0155010498884907,0.00177930477679108,0.0184334735541151,0.00879578452649453,0.005617401336752,0.00050207231270534,0,0.00070858642528179,0.006019107527253,0.00895441182740079,0.0244529576836512,0.00627489519027337,0.0371868841064641,0.00384417834492215,0,0,0.0206670220486391,0.0055306051543449,0.00567912804541957,0.629846968779202,0.00329144474264388,0.170107951042431
"SU2CLC.DFC.DF0108",0.169248044588266,0.185420073820496,0.0573333487719532,0.0389837233736315,0.0599716272731775,0.0283196748752623,0.027072346807315,0.0770911527309444,0.0264895619538003,0,0,0.0128340226721858,0,0.0573305012891311,0.010850253383782,0.0495013406787831,0,0.0107932088425111,0.0108021075214404,0,0,0,0.0725771066122587,0.0533958399382937,0.0519860648667679
"SU2CLC.DFC.DF0109",0.00909870300432955,0.00723644191572792,0.0126582574174962,0.0211655004838453,0.0103473374551974,0.0235480782858896,0.00275129151189415,0.00833259206871953,0.00556492006568201,0,0.00034917847911509,0.00167602942312124,0.0116998163267927,0.0194571170084389,0.00335028763495551,0.041247180817917,0.00829934375557066,0.00094320896247453,0.00265215668229874,0.0133939696257872,0.00338622306939453,0.00423675784149367,0.265268668273038,0.0359391572560594,0.487397782634761
"SU2CLC.DFC.DF0112",0.0178512261993956,0,0.0256058030139056,0.0116727933657304,0,0.022946504786982,0,0.0172204497343304,0.00653812362033838,0,0.00524215053362031,0.0119474037416497,0.00035965971472238,0.0343494079337107,0.0112291399953681,0.0394268612283366,0.00193924039483637,0,0,0.0208009415911662,0.00051069294355994,0.00370450757788177,0.428119064972404,0.0111154920929014,0.32942053655916
"SU2CLC.DFC.DF0241",0.0736549686914982,0.0417804181642788,0.0127071305796093,0.0614818417613065,0.140893403824225,0.145372724721881,0.0174275698289697,0.0473367676608906,0.0604827635662636,0,0,0.0301696523831743,0.096154258623947,0.00877336155617341,0.00100678995871699,0.0853043243584746,0.0115103440632554,0.00811827075101792,0,0.0118100285311382,0.00576123643734112,0,0.00789134206242595,0,0.132362802475413
"SU2CLC.DFC.DF0499",0.00210602711725118,0.00690186742822574,0.0176476168857303,0.0789409466799425,0,0.028284040323,0,0.0550353246181577,0.0209160585023117,0,0.0050872772907706,0.054065451608684,0.0199092896014277,0.0601177139590155,0.0325731008810237,0.0868086500304761,0,0,0,0.0512046637972411,0.00208748151315874,0.162955907871467,0.222374317869743,0.0138509982696202,0.079133265752753
"SU2CLC.DFC.DF0510",0.00121456220516022,0.00541830245010893,0.00248225705741178,0,0.0109767206369374,0.030367322230562,0,0,0,0,0.00625542296036626,0.00792953833012801,0.180903752646659,0.0397097293781116,0,0.259871201329047,0.0104417889997103,0.00344972599856985,0.00245924688164278,0,0.00684413165901519,0.114978022389227,0.0456320611745224,0,0.27106621367282
"SU2CLC.DFC.DF0512",0.00334610681538536,0.0334633732103127,0.0315662930107231,0.0191301003795143,0,0.0778206820156293,0.0219772779691768,0.0227273728041867,0,0,0,0.0026256610318183,0.031270870719695,0.066193077160926,0.0102348110672153,0.0813893978149968,0.0382168621031473,0.0182732626900245,0.00633527226050763,0.0355262489901056,0.0177165094631461,0.0124868296270539,0.226985435050679,0.0131834152589553,0.229531140556801
"SU2CLC.DFC.DF0561",0.00806216872252005,0.00739179866296283,0.00091571240855088,0.00177270474190837,0.00473312070044093,0.0197433216271383,0,0.00799965402130569,0,0.00739860263835912,0.0163311904913757,0,0.0484792085037794,0.0476603338534374,0,0.0281331974008103,0.00057416859384193,0.00466183684622284,0,0.00136455163718834,0.0091401993530078,0.340000105577752,0.00807590947140858,0,0.437562214747989
"SU2CLC.DFC.DF0668",0.0082932619354181,0.00985764354021573,0.00485329151238348,0.0189834071959178,0.0132704145560186,0.0172938508811858,0.00181594466354343,0.0004940686501112,0.00325063775612516,0.00250511504112289,0.0208739835056604,0,0.026114403713204,0.0479669722525722,0.00036173276171734,0.0286348405434933,0,0,0,0.00749774312197652,0,0.234744339582907,0.127610339881451,0.00302247313395709,0.422555535771018
"SU2CLC.DFC.DF0790",0.0387449955599078,0.03483032990156,0.0169836404173701,0.0337655011997448,0.00765547183867502,0.0438763832529536,0.00192989579115488,0.0436386870319074,0.00023524568805856,0.00941403460711363,0,0.039081649170976,0.0746306328953425,0.167825387955704,0.0367730550946143,0.105736372545259,0.0386021084909798,0,0,0.0480795465697834,0,0.134126877965619,0.0438953476539769,0.00197740646016764,0.0781974299091316
"SU2CLC.DFC.DF0840",0.00214531837707366,0.023426006834539,0.0388312726906873,0.0340879093459097,0,0.0656540560807331,0.00639871779035223,0.0314568041283105,0,0.00502282609040242,0,0.0203037391735678,0.00172265432713753,0.0586475578464845,0.0196579740727672,0.0650802796798482,0.00143794893935034,0.00567859012791596,0,0.0307022875184557,0,0.00488897287572891,0.354249970453635,0,0.230607113647101
"SU2CLC.MDA.1441",0.00050388476909445,0.00577685192554065,0.00103691075865888,0.010839174622668,0.00571910039477862,0.0226812967385555,0,0.00558834337995083,0.00161951449401686,0,0,0.00389395231114443,0.00283948602282763,0.0381310539670548,0.0222865797332478,0.0665722340095608,0.011715878361592,0,0.0044626166240766,0.0136264898361523,0,0.00028716778987474,0.660104667486956,0.01544531913572,0.106869477638529
"SU2CLC.MDA.1442",0.00391488911899395,0.00859681282659386,0.00042923712180772,0.00480419621879762,0.0169810148483036,0.00989733967455196,0.00353303053936207,0.00520447898005343,0.00012790921436727,0.00398948532559287,0.00894373361767378,0,0.0209370736717815,0.0319127774371037,0.0271962811814114,0.097705579709172,0.0246774488608121,0,0,0.00477139979442327,0,0.0038773522490222,0.17773580679595,0,0.544764152814225
"SU2CLC.MDA.1443",0.0230026240825264,0,0.0552095363990972,0.0187789207992573,0,0.0290478142655214,0,0.0283017942467492,0.00660814583872989,0.0156783269174901,0,0.0141903225878863,0.0101176290592026,0.0176538279694609,0.0233540961761558,0.048062432628646,0.0182704826029982,0,0,0.0145085056691394,0.0024993564366426,0.0047134858903029,0.401425190825337,0.00512307089388701,0.26345443671097
"SU2CLC.MDA.1444",0.00022771280275059,0.00155315790646816,0.00089969892623705,0.00885553706739363,0,0.00631267978078255,0.00036448428705902,0.00948236412359353,0.00611762501135328,2.762412549525e-05,0,0.00172577142169025,0.00102087371290647,0.0554736538351348,0.00321129247787091,0.0629445515860956,0.0054788776666977,0,0,0.00984086217351625,0.00013409370730127,0,0.623046955440525,0,0.203282183947129
"SU2CLC.MDA.1561",0.00448623165777802,0.0102158244104503,0.00311095808581851,0.0109085281079563,0,0.0240269559707186,0.00031586510627868,0.00757752255610743,0.00368132129168009,0.00108746903001048,0,0.0067497202471685,0.0263710449472751,0.0658680484320053,0.0106565707398849,0.0833283718228648,0.00272728098854724,0,0,0.0147797518168718,0.00524422170767383,0.0162520496879804,0.565451069642816,0.0266710178868759,0.110490175863238
"SU2CLC.MDA.1562",0.0148860204863173,0.00211604162947816,0.0212343101186847,0.0344369908602333,0.00667228175230215,0.0544025841928861,0.00153741635709589,0.0152853442154033,0,0,0.00519397479125192,0.00355458765624812,0.0178258778887134,0.0514107416859538,0.00845069538087932,0.132217579849678,0.00415192812367167,0.00093017019606374,0.00519153222816371,0.010308396086192,0,0.0012096431547802,0.345299604605829,0.0215230499805401,0.242161228759633
"SU2CLC.MDA.1563",0,0.00384322645718452,0.00450654900872583,0.00809642352151557,0.00387362734422422,0.0155892547274537,0.00246016828670793,0.0111514537888171,0.00018364106317669,0,0.0035781566010074,0.00406505847927988,0.00575878564628229,0.0301731843409433,0.0133341146174868,0.052777877784516,0.00615267669754081,0.00358674666474595,0.00049418927882091,0.0120183622256199,0.00021607155873712,0.00073408725167456,0.495910908935274,0,0.321495435720265
"SU2CLC.MDA.1564",0.0555039130385727,0,0,0.0536700345528662,0,0,0,0,0.0269684493171691,0,0.0569272762187535,0.00067225016968292,0.284509979738794,0.211438228444516,0.00571160129927298,0.106695769495388,0,0.00065063900436909,0.0394152488025228,0,0,0.132398049535787,0.0237363668457851,0.0005143154175715,0.00118787811895046
"SU2CLC.MDA.1627",0.0394983348527799,0.0720268289094178,0.0212833302901625,0.0553373970315033,0,0.0942883737272437,0.029276291628059,0.0248246142907867,0,0.00226205139333963,0,0,0.0118236022572958,0.00198419265578232,0.010833480990662,0.0658463218657032,0.0223437025546195,0.0002425125089919,0.00666265853212893,0.031161351958663,0.0136993113284623,0.00672802398408304,0.31522180616487,0.0382015913133569,0.136454221762089
"SU2CLC.MDA.1628",0.0419616963154328,0.0312976196591035,0.034176488044703,0.022267347610008,0,0.0545458913786504,0.00422573215193597,0.0103088059245126,0,0.0271363868904737,0,0.00142135612855913,0.0301032390043293,0.0115314952458026,0.0071597005703434,0.0757192603767919,0.0124199092014075,0.0178731374486884,0.0274955161029172,0.00594623343937797,0.00198258842605092,0.00948692225224274,0.31051855535769,0.0238677030035586,0.238554415467421
"SU2CLC.MDA.1629",0.0110491894511558,0.00260854169566255,0.0056709917859882,0.0049859218622562,0.01061011813237,0.032842551883011,0,0.00660064614719777,0.00293563064371353,0,0,0.0224837775297703,0.0507067260188123,0.0255287280697382,0.00180757911369061,0.109771096590853,0.00479950076765567,0.0100299893096072,0,0.0299930423197012,0.029555321013387,0.00396999814924731,0.12731177593627,0,0.506738873579912
"SU2CLC.MDA.1630",0.00243726286001647,0.0283776211289728,0.156037457281324,0.0925561147758984,0,0.0592947110250312,0.00716691073383446,0.0536309017630406,0,0.0231256418726571,0,0.0309671179416167,4.50459125915e-05,0.0274455343295194,0.0213651974375722,0.105444299496077,0,0,0,0.0279183504854602,0.00372762946303131,0.00394618767314516,0.158561193736085,0.013981142319435,0.183971679764692
"SU2CLC.MDA.1631",0.00675078139091664,0.00212664027326879,0.032178394206647,0.0244369125113333,0,0.0509941967890303,0.0136770961705615,0.018617686791825,0.0009708114747257,0.0118193145941096,0,0,0.00164629833132887,0.0278411284612488,0.00914389034115218,0.0445130540144735,0.00047149425914562,0.00736818588338295,0,0.0263776895751525,0.00476392737044004,0.00229537360187832,0.0774651514743703,0.00150429577829047,0.635037676706719
"SU2CLC.MGH.1044",0.00545641762668662,0.00188932099571621,0.0312427451079048,0.0100553210819845,0,0.0219667432183401,0,0.0135834628185649,0.00279391031461141,0,0,0.00455325872768981,0.00438568697057984,0.0591220523090979,0.00743542161114812,0.0588871843049973,0.00321513304786041,0,0,0.0307809535535284,0.00697729710663042,0.00255705099388818,0.37267703182171,0.00649321276114865,0.355927795627912
"SU2CLC.MGH.1054",0.00476802678151486,0.00729316013379442,0.0102813758162071,0.0202676398167102,0,0.0246321700576893,0.00874753528364222,0.0260038183872102,0.00727073076221831,0.0094908635205096,0,0.00551387222068719,0.00193549193010429,0.0611881073719475,0.0226691926577989,0.0786037624357814,0.00295548446988707,0,0,0.0162478967337542,0,0,0.137334171858524,0.0154806699985564,0.539316029763462
"SU2CLC.MGH.1055",0.00782984259326358,0.131423315840564,0.0279631570350383,0.0173133552183474,0,0.0373826056645016,0.00561337819527293,0.0284022259164055,0.0174534878139508,0,0,0.072185354701916,0.0633553471862909,0.00101466302807999,0.00406738018346706,0.19110857913769,0.00563790872444899,0.00312090770630244,0.0162510964508653,0,0.00048990190760706,0.00507867167313295,0.0377662220075088,0.0441209223198697,0.282421676695477
"SU2CLC.MGH.1135",0.00211363129477619,0.0154357765802991,0.0210097943020097,0.0205361865999203,0,0.0582693163053333,0.00046407802454965,0.0167089325886766,0,0.0176818759035481,0,0,0.00059231431223609,0.0602450845220043,0.00508029889761086,0.116427332217947,0.0033877126599073,0.0172920956313884,0,0.0175314051603898,0,0.00653636721030906,0.412508620701458,0.0216949903001626,0.186484186787473
"SU2CLC.MGH.1148",0.0164246500746922,0,0.0159531045783549,0.0198702153797956,0,0.0171872885242499,0.006262852199584,0.00886560129093763,0,0.011493632702292,0,0.00816302779373768,0.0423424106709551,0.033851763318523,0.00624611936764637,0.0169523531790004,0.00355565533802962,0.00274995773427054,0,0.0557892765414831,0.0161139747838545,0.094345987629982,0.096490909507875,0.00586821759971243,0.521473001785024
"SU2CLC.MGH.1149",0.0193456301407819,0.0101075051694093,0.0338129400253801,0.0337721671364457,0,0.0625068267030512,0,0.0273157186312064,0,0.0115406470153597,0,0.0255136123262437,0.0111230317036596,0.048813552822511,0.00795003995064849,0.0792337214851753,0.00128834608429645,0.00794927321997401,0.00915446038030207,0.0197944216003966,0.00202273221649219,0.0126823876144103,0.313160312458759,0.0692899321522192,0.193622741163277
"SU2CLC.MGH.1150",0.0173367711590004,0.00147515101280306,0.0094203270474624,0.0217921427686872,0,0.0448022770747652,0,0.0212942428444845,0.0126787032171434,0.0129781111592555,0,0.0186921986102949,0.0065889055330573,0.109048283749926,0.0196206033662142,0.0986541831861282,0.00199869366868062,0.013969424584868,0,0.0279882823421445,0,0.00525782259863159,0.228027466858185,0.0148761543983311,0.313500254819937
"SU2CLC.MGH.1161",0.0105097146939965,0.0162558159901215,0.0741253309281389,0.0843376588574165,0,0.0131231902036202,0.0244996887377991,0.0499148938926386,0,0.0377791215677704,0,0.055224788344926,0,0.0771965383281647,0.0460028358888584,0.0851454051094503,0.00489014667323131,0,0,0.0399367764237169,0,0.00622410946620127,0.295278749165336,0.00356276222366878,0.0759924735049452
"SU2CLC.MGH.1163",0.00064136701014663,0.0023989441064008,0.00115010463106974,0.00431868717870245,0,0.0282703710687718,0,0.0103523942226903,0.002281429212609,0.00242888860503668,0,0.0042234267311681,0.00108097061326407,0.0868661278463851,0.00067366171106258,0.107269661856225,0.0242364128255129,0.00760415507624946,0,0.0117514921805164,0,0,0.599526982468238,0.00946810721669749,0.095456815439253
"SU2CLC.MGH.1169",0.00697404832996847,0.0106513741769487,0.00224129943205791,0.0275886780387971,0.00267375854293168,0.0441695426816139,0,0.0322076214972142,0.00776537364850104,0.00436813763255843,0,0.0315869954234603,0.0632374222067656,0.0943448705879182,0.0401876608882228,0.156364370637778,0.00571994720179891,0,0,0.0273182084516261,0.00642850216089736,0.00941855799060124,0.105159689638582,0.0290864589606724,0.292507481871086
"SU2CLC.MGH.1387",0.0106997752142534,0.00825819111824089,0.0221228572528454,0.0444680505769758,0,0.0338056089131506,0.00307304690938768,0.0381412905110614,0.00272825322928024,0,0,0.0147702608892709,0.0159534852681443,0.0347275937852838,0.0144507571191545,0.0771993396463906,0.0250498774304358,0.0056618733907798,0,0.0342400242425399,0.00199375256453097,0.00883179982141618,0.129797017046728,0.0138600549966857,0.460167090073444
"SU2CLC.MGH.1389",0.0238318391370689,0,0.0452738335021338,0.0256437457391846,0,0.0231352167526685,0,0.022072223033603,0,0,0,0.00992166945673936,0.0068304146004104,0.0290008865299779,0.00181727452957375,0.0388340799000706,0.00226296646031164,0.00791565790701424,0,0.0292305062128787,0.00529225068904187,0.00309925410648538,0.186965736344919,0.0452617716463181,0.4936106734516
"SU2CLC.MGH.1409",0.0168237461550113,0.0710391132075639,0.0297133319278779,0.0424716499589414,0,0.0647967118460612,0.00638425567809998,0.0245735615385596,0,0,0,0.00964406428537169,0.0209577207989726,0.111021008318831,0,0.103856628562043,0.0244013019219263,0.0143889544758576,0.0275606802533533,0.0172782183498822,0.0152326634438417,0.0124721479566604,0.149840545405146,0.0511310475704598,0.186412648345539
"SU2CLC.MGH.1411",0.00295358517468759,0,0,0.0172166406059164,0,0.0204716535991042,0.00517931402466592,0.0136331617705971,0,0.00604429061355071,0,0.00653357342552759,0.0159946025483709,0.0404506650363669,0.0106504334758378,0.0479858702547346,0.00763674395495715,0,0,0.0247951217994409,0.00166770803399755,0.0050361876037605,0.662073219304318,0,0.111677228774166
"SU2CLC.MGH.1412",0,0.0382858117451181,0.0298489370809721,0.0852279995526003,0,0.0441878497348596,0.0193339573376145,0.0308286065281061,0,0.0240564580996215,0,0.00667323255206192,0.0106176888177125,0.0573992127222879,0.026230366856077,0.106645922177948,0.00916529715963025,0.00055068176117771,0,0.0220347507249355,0,0.00323740206630948,0.21361796283099,0.00356502829537238,0.268492833956605
"SU2CLC.MGH.1413",0.0176584135087357,0.014353451363445,0.0265269053620831,0.0244864903587016,0,0.0247356859328868,0,0.0185699178023317,0.00519911266423301,0.00410162912189034,0,0.00727894727426137,0.00636209931519886,0.0212355415063086,0.00765310415030839,0.0751368568053268,0.00175254779833414,0,0.00746304792645237,0.0143335505438286,0.00392224964405258,0.00599499500513018,0.577396292434377,0.135839161482115,0
"SU2CLC.MGH.1414",0.0620470233458043,0,0.0912762310800268,0.043769354198093,0,0.0698251672121012,0.00599373298842832,0.0252701890675412,0,0,0,0.0219387662921368,0.0055735097423719,0.0484519697454306,0.0189072939041634,0.0693903995772331,0.00586096430931637,0,0,0.0420570981922203,0,0.0092762625387484,0.202465427043414,0.0507915088741301,0.22710510188884
"SU2CLC.MGH.1415",0.0101727388536609,0.0104123139327595,0.019021333223871,0.0776874173161399,0.0135561378911691,0.0836385685805671,0.0455866407768571,0.0133163733007099,0,0.0447547259138938,0,0.0139107815266619,0.00819731695378508,0.089024099580514,0.0385495761159145,0.133512934206739,0.0121692945547779,0.0107540063420118,0,0.0400285292307567,0.00324483349489881,0.0121841687443039,0.168885311544845,0.00883246941457529,0.142560428500588
"SU2CLC.MGH.1416",0,0.0286276080748541,0.014335684982969,0.0330063409502652,0,0.0463377148756409,0.0016634385849995,0.0198505231520448,0,0.0116323231530594,0,0.02346553075626,0.024110920797342,0.0755056927772992,0.0223607477464017,0.133984717559103,0.0281170512813574,0.0105555721767174,0.00835537729262141,0.0210906753302459,0.00578585707410831,0,0.238148902241199,0.0197167729019153,0.233348548291597
"SU2CLC.MGH.1417",0.0185883655778882,0.0120829787849205,0.0373246488549173,0.0213263646165181,0.0100957773546874,0.0407375234271013,0,0.019431467909177,0,0,0,0.00793683041545419,0.00776015100220574,0.0368267671244856,0.00606821173900914,0.0528935849281431,0.00650691594204837,0.0174425791669213,0.0061706433664273,0.0114931820784019,0.00438950145740638,0.00129502591614444,0.128295594677097,0.0666409680290559,0.48669291763199
"SU2CLC.MGH.1418",0.0337872641603873,0.00982486482866772,0.0236102055648683,0.0313480207022882,0,0.0439010869690951,0,0.0264355270428571,0,0.00228807013459525,0,0.0169190050527666,0.00999204123288343,0.0490967779068915,0.016313760437651,0.0645642090578629,0,0,0,0.0473165755950667,0.00894047266561647,0.00078997434732479,0.280768846644339,0.0171509468685876,0.316952350788251
"SU2CLC.MGH.1487",0.00654582860061613,0.110331569727285,0.0122337932526569,0.00696106452586123,0.0228033381227784,0.0417842560104881,0.137801000668726,0.0150233450575326,0.0386740058529553,0.00532774658847799,0,0.13298553164306,0.0346761221890658,0.00672483863363324,0.00660789363808976,0.0626185479720644,0.0259594759869296,0.0130393998765315,0,0.0434441732515758,0.0269386264255922,0.0700981930245216,0.0416988711861166,0,0.137722377765441
"SU2CLC.MGH.1488",0.00577275585752018,0.00429259246035246,0.00472569994045295,0.013502718620079,0,0.0304539500497478,0.0012483096984981,0.00312277146576289,0,0.00062171173517505,0.00263814975360666,0.00081430042032338,0.00336347024607401,0.057220333264671,0.0172218588866746,0.0746118995943344,0,0,0.00540915603413223,0.00027902722003372,0,0.031474274134796,0.697663139397587,0.0233119516278737,0.0222519295923048
"SU2CLC.MGH.1489",0.00393448515757253,0.00205737725662371,0.0306970074795267,0.0318229375575196,0,0.00447565001978542,0,0.0243543065155009,0.00258245926991736,0,0,0.0327338070898717,0.00495350128889344,0.0433887126735898,0.0145111761229262,0.0901963566613572,0.0180908096324208,0,0,0.0337940601400049,0,0.00838239404927706,0.470412272476144,0,0.183612686609069
"SU2CLC.MGH.1490",0.0114216463483526,0.0226363107717688,0.0102180042294014,0.0560279734029884,0.0105025616005116,0.0537355516451537,0.0326740129936433,0.0165867500006833,0,0.00465954123445086,0,0.020011009333859,0.0157575374506318,0.0377004873632921,0.0426238194332309,0.0853693861413049,0.0246542294335437,0.00047896922479434,0,0.011851759162841,0,0,0.167470350342441,0.0336511549177515,0.341968944969356
"SU2CLC.MGH.1492",0.0104377993513344,0.00662413517904791,0.0195828581291821,0.0262191256785819,0,0.0504927303900411,0.0204503494835193,0.00829515629767165,0.00396852351465129,0.004291122651251,0.00287855737561481,0.0232805882578154,0.0409271016927795,0.0685455461523251,0.00773182043879155,0.110592101351041,0.027717438253644,0.0294332701698471,0,0.0277234043967652,0.012554005127321,0.0495968864472488,0.152452770632603,0.0564556409864412,0.239749068042481
"SU2CLC.MGH.1493",0.107882858717487,0.126891576836243,0.0578798470437655,0.0598359203129054,0.00169561769060731,0.062187668908337,0.00631496624999273,0.0433995185566603,0,0.032931940088094,0,0.0245636311897262,0.00583955275696834,0.0808635922150547,0.0160596179263243,0.0797187048354013,0.00359051751489348,0,0.00237860363248381,0.00279893930248813,0,0.0774919338743316,0.101413077710459,0.00658269696514489,0.0996792176726313
"SU2CLC.MGH.1495",0.0290512489477637,0.0593908616921219,0.0468583503674057,0.0258315460354232,0.0152946272190465,0.0648599437409858,0.0104464678928303,0.0102898248501953,0,0.00466461239940721,0,0.00071667143353233,0.00176529303876743,0.0155893711479678,0.0015940206944003,0.0354365323024923,0,0.0027726986962909,0,0.0147796795550267,0,0.00039374757283935,0.484989327712496,0.0455790509830972,0.12969612371791
"SU2CLC.MGH.1498",0.00038115563875691,0.0140627352589063,0.0325867655061391,0.0216488207084748,0,0.0478314348100346,0.00153186559291375,0.0125228262701866,0,0.0140612745979848,0,0.0125416691136642,0.0206141064078697,0.0409299705266702,0.0298994003016823,0.105864367188971,0.00252478180045536,0.00370611274042976,0,0.0191002250885008,0.00044737540109899,0.0110765420251102,0.136951805788593,0.0251298785151622,0.446586886718395
"SU2CLC.MGH.1500",0.022430098424468,0.062235214759477,0.0333108492515961,0.115350501248046,3.643357507365e-05,0.0396433500014625,0.00294414080801687,0.102131536473497,0.0432361155410727,0.0392719107337365,0,0.0525961245106025,0.0164539160734886,0.0456970052379884,0.0312284394002735,0.0870875854489175,0,0.0181726337972426,0,0.00888539305444533,0.001994882189817,0.173993341406469,0.00870170127496403,0.00198443135572302,0.092614395433622
"SU2CLC.MGH.1501",0.00916644003340832,0.0059432304085258,0.0115888588544007,0.0256322195052115,0,0.0189993096358523,0.0171967739795425,0.0202298234747675,0.00016959674690174,0,0,0.018649543808612,0.0101883720506483,0.133969433278659,0.0352919999769003,0.0816572051813562,0.00320311414834481,0,0,0.0243480154284488,0.00050575772722745,0.00323763095276535,0.216093325935418,0.00477893530634578,0.359150413566664
"SU2CLC.MGH.1503",0.00907866221185822,0.00714601545699004,0.0273875570875942,0.0272775812604841,0,0.0157023207318653,0.00872601683784748,0.0311860902601929,0.0112952571112208,0.00165058096367061,0,0.0172495264742686,0.0289605571326991,0.0659726086042749,0.0407123682321092,0.112012489986214,0,0.0102922328194373,0,0.0292955641068367,0,0.00094172309156174,0.231313774760087,0.0171249859910908,0.306674086879697
"SU2CLC.MGH.1565",0.00228920639222158,0.004412676470144,0.0139960601659021,0.0111223356178722,0,0.0173503293475301,0.00705740275141012,0.0116190710318037,0,0.00205435887737531,0,0.00577645402104862,0.0163025360828466,0.00883761920367145,0.00114357373935347,0.0346161246202923,0.00908151102120146,0.00614556713505911,0.00299991492258791,0.0143360489721361,0.00443587645455751,0.00147702207793082,0.0435378866382405,0.0216971237217112,0.759711300735104
"SU2CLC.MGH.1568",0.0468518429011755,0.0451435955334343,0.0225266735496806,0.0179440334249847,0.00392006748283546,0.0274742446985185,0.0144237075739973,0.0215727054321242,0.00041117769240942,0.00059271401574852,0,0.00479187801192947,0.0160858690068995,0.0430981606997293,0.0104324021768536,0.0746023483100235,0.0073976056170663,0.00359680084511538,0,0.0109988525271011,0,0.00506553080052063,0.441534621351202,0.00790704515517511,0.173628123193475
"SU2CLC.MGH.1572",0.00471637001258139,0.00679524683462391,0.0105198112987312,0.0356386599977817,0,0.0241189641126653,0.00943466940442897,0.0355035226513613,0.00348987904433267,0.00179724630998278,0.00026633578765223,0.00076960472278136,0.00297284618088965,0.0885369813137165,0.0056445768616487,0.107831514206771,0.00392311720285231,0.00217343164864723,0,0.0120236869956251,0.00046716759392738,0,0.46038277807808,0.00246553961861563,0.180528050122304
"SU2CLC.MGH.1574",0.11156701248659,0.237673232018018,0.168177912008496,0.0472412728164146,0.0344635004777725,0.0342711529379403,0.031012176091535,0.0800951172517035,0.00945552001465191,0,0.00930828797395517,0,0.0103030657282501,0.067668676053003,0.0124035767743553,0.065652662651618,0,0,0,0.00378594073624094,0.0005847534290474,0,0.0178921915426987,0.0514548598167429,0.00698908919096654
"SU2CLC.MGH.1575",0.00319902233614181,0.0113324154763016,0.0438225206014708,0.0270896781722869,0,0.05257964112921,0.00401770949570281,0.0136854761231257,0,0.00576048271782757,0,0.00566517571775962,0.0075861132020205,0.0563534083809459,0.0181327887370969,0.0872795082895388,0.00505824645113578,0,0,0.0164597373707898,0,0.0142598493766008,0.33339962016741,0.02400200231507,0.270316603939565
"SU2CLC.MSK.1364",0.00273475091429418,0.00450357237484907,0.00100354335383083,0.00975230880775788,0,0.0111897289324935,0,0.022840025632586,0,0,0.00287396515419622,0,0.00178289602316268,0.0392948069519716,0,0.0401749925528249,0.00945610970220789,0.0105863195381534,0.00854721945132899,0.00148090213594773,0,0,0.536945724472814,0.0004450578273078,0.296388076174273
"SU2CLC.MSK.1365",0.00705093404590456,0,0.0143716911977184,0.009531001977005,0,0.0553288016794258,0,0.0106117161419288,0,0.00116368005682682,0.00340166077127547,0.00118932776165848,0,0.0856758898434633,0.00519209536622442,0.0905590047209236,0.0250174991185412,0.0211312069665626,0.00272025989362527,0.00791498391011248,0,0.00015559029925834,0.540284536326611,0.0196393957774705,0.0990607241454633
"SU2CLC.MSK.A2009",0.0108265943782539,0.0251920980824729,0.0204758921963407,0.0296637823854241,0.00832589097334276,0.0255563593037906,0.0123792501866003,0.0289947372837888,0.0127378848873077,0.0206594224889983,0.0113259894897693,0.00182950051754816,0.0160373909167077,0.03186226748344,0.0183706713234788,0.0808184206356545,0.0231952010511423,0.00698533095097626,0.00963891211540237,0.0160812097659905,0.00128642173710331,0.0171376578820977,0.169734655085533,0.0639258555235289,0.336958603355307
"SU2CLC.MSK.A2013",0.0114309576657921,0.0337881334804232,0.0524549024309679,0.0169079856057149,0,0.0409210477085246,0.00442443716437744,0.0157513568771164,0,0.0137213537324042,0,0.00440155749714944,0,0.0303793932888305,0.00639854406106145,0.0486405094452096,0,0.00048888279346863,0.0128589447699493,0.0125591860205123,0,0.00099957665423304,0.384372511223568,0.0313993294946594,0.278101390086038
"SU2CLC.MSK.A2014",0.0244163208727364,0,0.0419393910552819,0.0357988185985348,0,0.0411465083809483,0.00240783955036277,0.0212673236880136,0.00543434674387455,0,0,0.0242395528173403,0.00763937209501691,0.0574984991854524,0.0122830790932232,0.0658410744558502,0.00497870648484179,0.00034714517608259,0.00448778528280348,0.00878071930464484,0,0.0129853691935972,0.0798853874367719,0.0321449618828382,0.516477798701785
"SU2CLC.MSK.A2060",0.0147804635248952,0.0282536758815003,0.0154865871619519,0.0819828571290629,0.00293012238999259,0.00634239126430808,0.0446975753482246,0.0527637410168932,0.00081192367966486,0.0183751139766341,0,0.00531742183457773,0.0135198373525998,0.104043069747036,0.0673341275492387,0.1270486494821,0.00768141160996386,0,0,0.0438373543323382,0.00029757784236039,0.040817847341201,0.0753057948619898,0.0309231357860783,0.217449320887388
"SU2CLC.MSK.A2075",0.0026321738016733,0.00767076557097614,0.0369787765739422,0.0586605652649853,0,0.0450581983313502,0.0133173146195134,0.0257999391041163,0,0.00358420691442159,0,0.0198325453710808,0.0356141743696357,0.0366363155937187,0.0182179267579798,0.141230856889635,0.0279036986236071,0.00133523201252408,0,0.033150650878539,0.00276350658150655,0.00295209125049511,0.0734592709512721,0.0375699082340039,0.375631882305023
"SU2CLC.UCD.1124",0.00881722502272435,0.00684224360936696,0.0449004450974417,0.0176434321435871,0,0.0399429598085087,0,0.0275783514624366,0.00316037254216954,0,0,0.0209262386668753,0.0137709259809864,0.0658441940671746,0.00125796197155092,0.0833990151773011,0.00097286078541092,0.00618173235257379,0.00796543359872016,0.00953243736033063,0,0,0.360640102874663,0.00815948444833337,0.272464583029845
"SU2CLC.UCD.1137",0.0448356913257985,0.123659147022745,0.0779108229488178,0.0617501231688013,0,0.0308643203621488,0.0171177636103788,0.0484820309724707,0,0.0247911000834346,0,0.0127701171166531,0,0.140610449491152,0.0171893800603198,0.0653731401243499,0,0,0,0.023847191462389,0.00068567122601346,0,0.257357370831009,0.0163945124733192,0.0363611677201985
"SU2CLC.UCD.1142",0.00491781688944823,0.00420798883799647,0.0336866650281532,0.0649425808786389,0,0.023320206309751,0.00649429457615195,0.0257067792630328,0.00725230085665871,0.00531227746175441,0,0.0178831213986289,0.00610591092106656,0.079080702452612,0.0425557157404424,0.169517495677787,0.00552960800201456,0,0,0.0552762019368636,5.835707988392e-05,0.0022780616469404,0.239846663418073,0.0146629227268481,0.191364328897254
"SU2CLC.UCD.1143",0.018315511909607,0,0.0201613211612137,0.0496597274664399,0.00251413697369562,0.0638018517976914,0,0.015761458593493,0,0.00233432897080781,0,0.0232015344039455,0.0283711790476312,0.0467319627112257,0.0120211082316429,0.104194547500064,0.0159185585479354,0.0275275795600626,0,0.0399197480979998,0.00276943549982678,0.0177335699841232,0.148281850090276,0.0788385660045882,0.281942023447731
"SU2CLC.UCD.1557",0.0498167804916009,0.0318878048009515,0.0259436657432314,0.00753528028051409,0.0124195371082919,0.0528881125653728,0,0.0241275437616295,0,0,0.00102802004043286,0.0108573895388139,0.0302689326016164,0.0620103205372865,0.0167987653698555,0.0767983878325739,0.0278179586613904,0.00703185278243807,0,0.0113149414559611,0.00964697458466421,0,0.0503830815363916,0.0375662852072628,0.45385836509972
"SU2CLC.UCD.1560",0.113265888572632,0.127329595861707,0.0166464179989452,0.106907465297022,0.165634130875767,0.16638367249796,0.0298651958236015,0.0540675727345716,0.0278315763894348,0,0.0144713617390285,0.0237676720002386,0.00130043632542998,0.0280527185282942,0.0145484030952191,0.0235821471270507,0.00667790091407178,0.00348864075590345,0,0,0,0.00325440147906638,0.00614384224709307,0,0.0667809597369624
